#-----------------------------------------------------------------------------------------------;x
#Cultures;x
#-----------------------------------------------------------------------------------------------;x
#;x
CULTURE_ABENAKI;Abenaki;x
CULTURE_ABORIGIN;Aboriginal;x
CULTURE_AFAR;Afar;x
CULTURE_AFGHANI;Afghani;x
CULTURE_AKA;Akan;x
CULTURE_ALBANIAN;Albanian;x
CULTURE_ALEUTIAN;Aleutian;x
CULTURE_ALTAI;Altai;x
CULTURE_AMAZONIAN;Amazonian;x
CULTURE_ANDEAN;Andean;x
CULTURE_ANGLOSAXON;English;x
CULTURE_ARABIC;Arabic;x
CULTURE_ARMENIAN;Armenian;x
CULTURE_ASHANTI;Ashanti;x
CULTURE_AZTEK;Aztek;x
CULTURE_BALTIC;Baltic;x
CULTURE_BALUCHI;Baluchi;x
CULTURE_BANTU;Bantu;x
CULTURE_BASQUE;Basque;x
CULTURE_BENGALI;Bengali;x
CULTURE_BERBER;Berber;x
CULTURE_BURMANESE;Burmese;x
CULTURE_CAMBODIAN;Cambodian;x
CULTURE_CANARY;Canary;x
CULTURE_CANTONESE;Zhuang;x
CULTURE_CARIBBEAN;Caribbean;x
CULTURE_CHAM;Cham;x
CULTURE_CHEROKEE;Cherokee;x
CULTURE_CIRCASSIAN;Circassian;x
CULTURE_CREE;Cree;x
CULTURE_CREEK;Gulf Indian;x
CULTURE_CZECH;Czech;x
CULTURE_DAKOTA;Sioux;x
CULTURE_DELAWARE;Delaware;x
CULTURE_DRAVIDIAN;Dravidian;x
CULTURE_DUTCH;Dutch;x
CULTURE_DYOLA;Dyola;x
CULTURE_ETHIOPIAN;Ethiopian;x
CULTURE_FILIPPINE;Filipino;x
CULTURE_FRENCH;French;x
CULTURE_GAELIC;Gaelic;x
CULTURE_GEORGIAN;Georgian;x
CULTURE_GERMAN;Franconian;x
CULTURE_GREEK;Greek;x
CULTURE_GUAJIRO;Guajiro;x
CULTURE_GUJARATI;Gujarati;x
CULTURE_HAN;Han;x
CULTURE_HAWAIIAN;Hawaiian;x
CULTURE_HINDI;Hindi;x
CULTURE_HURON;Chippiwan;x
CULTURE_IBERIAN;Castilian;x
CULTURE_INDIAN;Indian;x
CULTURE_INDONESIAN;Indonesian;x
CULTURE_INUIT;Inuit;x
CULTURE_IROQUIS;Iroquis;x
CULTURE_ITALIAN;Italian;x
CULTURE_JAPANESE;Japanese;x
CULTURE_JAVAN;Javan;x
CULTURE_KANNADA;Kannada;x
CULTURE_KHAZAK;Kazakh;x
CULTURE_KHMER;Khmer;x
CULTURE_KONGOLESE;Kongolese;x
CULTURE_KOREAN;Korean;x
CULTURE_KURDISH;Kurdish;x
CULTURE_LAOTIAN;Laotian;x
CULTURE_LITHUANIAN;Lithuanian;x
CULTURE_MADAGASQUE;Malagasy;x
CULTURE_MAGYAR;Magyar;x
CULTURE_MALAY;Malay;x
CULTURE_MALI;Mali;x
CULTURE_MALTESE;Maltese;x
CULTURE_MANCHU;Manchu;x
CULTURE_MARATHI;Marathi;x
CULTURE_MATACO;Mataco;x
CULTURE_MAYAN;Mayan;x
CULTURE_MELANESE;Melanesian;x
CULTURE_MESOAMERICAN;Mesoamerican;x
CULTURE_MISSISSIPPIAN;Caddoan;x
CULTURE_MON;Mon;x
CULTURE_MONGOL;Mongol;x
CULTURE_MONGOLC;Mongol;x
CULTURE_NASKAPI;Naskapi;x
CULTURE_NAVAJO;Na Dene;x
CULTURE_NUBIAN;Nubian;x
CULTURE_PANJABI;Punjabi;x
CULTURE_PATAGONIAN;Patagonian;x
CULTURE_PERSIAN;Persian;x
CULTURE_POLISH;Polish;x
CULTURE_POLYNESE;Polynesian;x
CULTURE_RAJPUT;Rajput;x
CULTURE_ROMANIAN;Romanian;x
CULTURE_RUSSIAN;Russian;x
CULTURE_RUTHENIAN;Ruthenian;x
CULTURE_SCANDINAVIAN;Swedish;x
CULTURE_SENEGAMBIAN;Senegambian;x
CULTURE_SHAWNEE;Shawnee;x
CULTURE_SHONA;Shona;x
CULTURE_SLAVONIC;Slavonic;x
CULTURE_SLOVAK;Slovak;x
CULTURE_SOMALI;Somali;x
CULTURE_SWAHILI;Swahili;x
CULTURE_SWISS;Swiss;x
CULTURE_SYRIAN;Syrian;x
CULTURE_TAMIL;Tamil;x
CULTURE_TELUGU;Telugu;x
CULTURE_TEREMEMBE;Teremembe;x
CULTURE_THAI;Siamese;x
CULTURE_TIBETAN;Tibetan;x
CULTURE_TUAREG;Tuareg;x
CULTURE_TUPINAMBA;Tupinamba;x
CULTURE_TURKISH;Turkish;x
CULTURE_UGRIC;Ugric;x
CULTURE_UKRAINIAN;Ukrainian;x
CULTURE_UZBEK;Uzbek;x
CULTURE_VIETNAMESE;Vietnamese;x
CULTURE_YORUMBA;Yoruba;x
CULTURE_ZAPOTEK;Zapotek;x
CULTURE_OCCITAN;Occitan;x
CULTURE_FRANCOPROVENCAL;Francoprovencal;x
CULTURE_PORTUGUESE;Portuguese;x
CULTURE_CATALAN;Catalan;x
CULTURE_ALEMANNIC;Alemannic;x
CULTURE_BAVARIAN;Bavarian;x
CULTURE_SAXON;Saxon;x
CULTURE_WESTPHALIAN;Westphalian;x
CULTURE_WENDISH;Teuton;x
CULTURE_BRYTHONIC;Brythonic;x
CULTURE_SCOTS;Scots;x
CULTURE_NORWEGIAN;Norwegian;x
CULTURE_DANISH;Danish;x
CULTURE_TANOAN;Tanoan;x
CULTURE_PENUTIAN;Penutian;x
CULTURE_HOKAN;Hokan;x
CULTURE_AMERICAN;American;x
CULTURE_TATAR;Tatar;x
CULTURE_UIGHUR;Uighur;x
CULTURE_NOGAI;Nogai;x
#;x
CULTURE_NONE;None;x
#;x
#-----------------------------------------------------------------------------------------------;x
#EOF;x