#-----------------------------------------------------------------------------------------------;;x
#Rebels;x
#-----------------------------------------------------------------------------------------------;x
#;x
R01;Aristocrat Rebels;x
R02;Religious Rebels;x
R03;Cultural Rebels;x
R04;Colonial Rebels;x
R05;Nationalist Rebels;x
R06;Pirate Raiders;x
BRR;Barbary Pirates;x
INR;Indonesian Pirates;x
PRR;Buccaneers;x
SMR;Somali Pirates;x
VBR;Victual Brothers;x
WKR;Wokou;x
GRR;Greek Rebels;x
HTR;Haitian Rebels;x
IDR;Indian Raiders;x
NDR;Dutch Rebels;x
USR;American Rebels;x
#;x
#-----------------------------------------------------------------------------------------------;x
#EOF;x